SBI,17.687194,83.197635,SBI-ATM-01
SBI,17.687194,83.198581,SBI-ATM-02
SBI,17.687194,83.199527,SBI-ATM-03
SBI,17.687194,83.200472,SBI-ATM-04
SBI,17.687194,83.201418,SBI-ATM-05
SBI,17.687194,83.202363,SBI-ATM-06
SBI,17.687194,83.203309,SBI-ATM-07
SBI,17.687194,83.204254,SBI-ATM-08
SBI,17.687194,83.205200,SBI-ATM-09
SBI,17.687194,83.206145,SBI-ATM-10
SBI,17.687194,83.207091,SBI-ATM-11
SBI,17.687194,83.208036,SBI-ATM-12
SBI,17.687194,83.208982,SBI-ATM-13
SBI,17.687194,83.209927,SBI-ATM-14
SBI,17.687194,83.210873,SBI-ATM-15
SBI,17.687194,83.211818,SBI-ATM-16
SBI,17.687194,83.212764,SBI-ATM-17
SBI,17.687194,83.213709,SBI-ATM-18
SBI,17.687194,83.214655,SBI-ATM-19
SBI,17.687194,83.215600,SBI-ATM-20
SBI,17.687194,83.216546,SBI-ATM-21
SBI,17.687194,83.217491,SBI-ATM-22
SBI,17.687194,83.218437,SBI-ATM-23
SBI,17.687194,83.219382,SBI-ATM-24
SBI,17.687194,83.220328,SBI-ATM-25
SBI,17.687194,83.221273,SBI-ATM-26
SBI,17.687194,83.222219,SBI-ATM-27
SBI,17.687194,83.223164,SBI-ATM-28
SBI,17.687194,83.224110,SBI-ATM-29
SBI,17.687194,83.225055,SBI-ATM-30
SBI,17.687194,83.226001,SBI-ATM-31
SBI,17.687194,83.226946,SBI-ATM-32
SBI,17.687194,83.227892,SBI-ATM-33
SBI,17.687194,83.228837,SBI-ATM-34
SBI,17.687194,83.229783,SBI-ATM-35
SBI,17.687194,83.230728,SBI-ATM-36
SBI,17.687194,83.231674,SBI-ATM-37
SBI,17.687194,83.232619,SBI-ATM-38
SBI,17.687194,83.233565,SBI-ATM-39
SBI,17.687194,83.234510,SBI-ATM-40
SBI,17.687194,83.235456,SBI-ATM-41
SBI,17.687194,83.236401,SBI-ATM-42
SBI,17.687194,83.237347,SBI-ATM-43
SBI,17.687194,83.238292,SBI-ATM-44
SBI,17.687194,83.239238,SBI-ATM-45
SBI,17.687194,83.240183,SBI-ATM-46
SBI,17.687194,83.241129,SBI-ATM-47
SBI,17.687194,83.242074,SBI-ATM-48
SBI,17.687194,83.243020,SBI-ATM-49
SBI,17.687194,83.243965,SBI-ATM-50
UBI,17.691100,83.226263,UBI-ATM-01
UBI,17.691100,83.227209,UBI-ATM-02
UBI,17.691100,83.228154,UBI-ATM-03
UBI,17.691100,83.229100,UBI-ATM-04
UBI,17.691100,83.230045,UBI-ATM-05
UBI,17.691100,83.230991,UBI-ATM-06
UBI,17.691100,83.231936,UBI-ATM-07
UBI,17.691100,83.232882,UBI-ATM-08
UBI,17.691100,83.233827,UBI-ATM-09
UBI,17.691100,83.234773,UBI-ATM-10
UBI,17.691100,83.235718,UBI-ATM-11
UBI,17.691100,83.236664,UBI-ATM-12
UBI,17.691100,83.237609,UBI-ATM-13
UBI,17.691100,83.238555,UBI-ATM-14
UBI,17.691100,83.239500,UBI-ATM-15
UBI,17.691100,83.240446,UBI-ATM-16
UBI,17.691100,83.241391,UBI-ATM-17
UBI,17.691100,83.242337,UBI-ATM-18
UBI,17.691100,83.243282,UBI-ATM-19
UBI,17.691100,83.244228,UBI-ATM-20
UBI,17.691100,83.245173,UBI-ATM-21
UBI,17.691100,83.246119,UBI-ATM-22
UBI,17.691100,83.247064,UBI-ATM-23
UBI,17.691100,83.248010,UBI-ATM-24
UBI,17.691100,83.248955,UBI-ATM-25
UBI,17.691100,83.249901,UBI-ATM-26
UBI,17.691100,83.250846,UBI-ATM-27
UBI,17.691100,83.251792,UBI-ATM-28
UBI,17.691100,83.252737,UBI-ATM-29
UBI,17.691100,83.253683,UBI-ATM-30
UBI,17.691100,83.254628,UBI-ATM-31
UBI,17.691100,83.255574,UBI-ATM-32
UBI,17.691100,83.256519,UBI-ATM-33
UBI,17.691100,83.257465,UBI-ATM-34
UBI,17.691100,83.258410,UBI-ATM-35
UBI,17.691100,83.259356,UBI-ATM-36
UBI,17.691100,83.260301,UBI-ATM-37
UBI,17.691100,83.261247,UBI-ATM-38
UBI,17.691100,83.262192,UBI-ATM-39
UBI,17.691100,83.263138,UBI-ATM-40
UBI,17.691100,83.264083,UBI-ATM-41
UBI,17.691100,83.265029,UBI-ATM-42
UBI,17.691100,83.265974,UBI-ATM-43
UBI,17.691100,83.266920,UBI-ATM-44
UBI,17.691100,83.267865,UBI-ATM-45
UBI,17.691100,83.268811,UBI-ATM-46
UBI,17.691100,83.269756,UBI-ATM-47
UBI,17.691100,83.270702,UBI-ATM-48
UBI,17.691100,83.271647,UBI-ATM-49
UBI,17.691100,83.272593,UBI-ATM-50
ICICI,17.684393,83.236081,ICICI-ATM-01
ICICI,17.684393,83.237027,ICICI-ATM-02
ICICI,17.684393,83.237972,ICICI-ATM-03
ICICI,17.684393,83.238918,ICICI-ATM-04
ICICI,17.684393,83.239863,ICICI-ATM-05
ICICI,17.684393,83.240809,ICICI-ATM-06
ICICI,17.684393,83.241754,ICICI-ATM-07
ICICI,17.684393,83.242700,ICICI-ATM-08
ICICI,17.684393,83.243645,ICICI-ATM-09
ICICI,17.684393,83.244591,ICICI-ATM-10
ICICI,17.684393,83.245536,ICICI-ATM-11
ICICI,17.684393,83.246482,ICICI-ATM-12
ICICI,17.684393,83.247427,ICICI-ATM-13
ICICI,17.684393,83.248373,ICICI-ATM-14
ICICI,17.684393,83.249318,ICICI-ATM-15
ICICI,17.684393,83.250264,ICICI-ATM-16
ICICI,17.684393,83.251209,ICICI-ATM-17
ICICI,17.684393,83.252155,ICICI-ATM-18
ICICI,17.684393,83.253100,ICICI-ATM-19
ICICI,17.684393,83.254046,ICICI-ATM-20
ICICI,17.684393,83.254991,ICICI-ATM-21
ICICI,17.684393,83.255937,ICICI-ATM-22
ICICI,17.684393,83.256882,ICICI-ATM-23
ICICI,17.684393,83.257828,ICICI-ATM-24
ICICI,17.684393,83.258773,ICICI-ATM-25
ICICI,17.684393,83.259719,ICICI-ATM-26
ICICI,17.684393,83.260664,ICICI-ATM-27
ICICI,17.684393,83.261610,ICICI-ATM-28
ICICI,17.684393,83.262555,ICICI-ATM-29
ICICI,17.684393,83.263501,ICICI-ATM-30
ICICI,17.684393,83.264446,ICICI-ATM-31
ICICI,17.684393,83.265392,ICICI-ATM-32
ICICI,17.684393,83.266337,ICICI-ATM-33
ICICI,17.684393,83.267283,ICICI-ATM-34
ICICI,17.684393,83.268228,ICICI-ATM-35
ICICI,17.684393,83.269174,ICICI-ATM-36
ICICI,17.684393,83.270119,ICICI-ATM-37
ICICI,17.684393,83.271065,ICICI-ATM-38
ICICI,17.684393,83.272010,ICICI-ATM-39
ICICI,17.684393,83.272956,ICICI-ATM-40
ICICI,17.684393,83.273901,ICICI-ATM-41
ICICI,17.684393,83.274847,ICICI-ATM-42
ICICI,17.684393,83.275792,ICICI-ATM-43
ICICI,17.684393,83.276738,ICICI-ATM-44
ICICI,17.684393,83.277683,ICICI-ATM-45
ICICI,17.684393,83.278629,ICICI-ATM-46
ICICI,17.684393,83.279574,ICICI-ATM-47
ICICI,17.684393,83.280520,ICICI-ATM-48
ICICI,17.684393,83.281465,ICICI-ATM-49
ICICI,17.684393,83.282411,ICICI-ATM-50
CANARA,17.673482,83.215074,CANARA-ATM-01
CANARA,17.673482,83.216020,CANARA-ATM-02
CANARA,17.673482,83.216965,CANARA-ATM-03
CANARA,17.673482,83.217911,CANARA-ATM-04
CANARA,17.673482,83.218856,CANARA-ATM-05
CANARA,17.673482,83.219802,CANARA-ATM-06
CANARA,17.673482,83.220747,CANARA-ATM-07
CANARA,17.673482,83.221693,CANARA-ATM-08
CANARA,17.673482,83.222638,CANARA-ATM-09
CANARA,17.673482,83.223584,CANARA-ATM-10
CANARA,17.673482,83.224529,CANARA-ATM-11
CANARA,17.673482,83.225475,CANARA-ATM-12
CANARA,17.673482,83.226420,CANARA-ATM-13
CANARA,17.673482,83.227366,CANARA-ATM-14
CANARA,17.673482,83.228311,CANARA-ATM-15
CANARA,17.673482,83.229257,CANARA-ATM-16
CANARA,17.673482,83.230202,CANARA-ATM-17
CANARA,17.673482,83.231148,CANARA-ATM-18
CANARA,17.673482,83.232093,CANARA-ATM-19
CANARA,17.673482,83.233039,CANARA-ATM-20
CANARA,17.673482,83.233984,CANARA-ATM-21
CANARA,17.673482,83.234930,CANARA-ATM-22
CANARA,17.673482,83.235875,CANARA-ATM-23
CANARA,17.673482,83.236821,CANARA-ATM-24
CANARA,17.673482,83.237766,CANARA-ATM-25
CANARA,17.673482,83.238712,CANARA-ATM-26
CANARA,17.673482,83.239657,CANARA-ATM-27
CANARA,17.673482,83.240603,CANARA-ATM-28
CANARA,17.673482,83.241548,CANARA-ATM-29
CANARA,17.673482,83.242494,CANARA-ATM-30
CANARA,17.673482,83.243439,CANARA-ATM-31
CANARA,17.673482,83.244385,CANARA-ATM-32
CANARA,17.673482,83.245330,CANARA-ATM-33
CANARA,17.673482,83.246276,CANARA-ATM-34
CANARA,17.673482,83.247221,CANARA-ATM-35
CANARA,17.673482,83.248167,CANARA-ATM-36
CANARA,17.673482,83.249112,CANARA-ATM-37
CANARA,17.673482,83.250058,CANARA-ATM-38
CANARA,17.673482,83.251003,CANARA-ATM-39
CANARA,17.673482,83.251949,CANARA-ATM-40
CANARA,17.673482,83.252894,CANARA-ATM-41
CANARA,17.673482,83.253840,CANARA-ATM-42
CANARA,17.673482,83.254785,CANARA-ATM-43
CANARA,17.673482,83.255731,CANARA-ATM-44
CANARA,17.673482,83.256676,CANARA-ATM-45
CANARA,17.673482,83.257622,CANARA-ATM-46
CANARA,17.673482,83.258567,CANARA-ATM-47
CANARA,17.673482,83.259513,CANARA-ATM-48
CANARA,17.673482,83.260458,CANARA-ATM-49
CANARA,17.673482,83.261404,CANARA-ATM-50
PNB,17.677010,83.229984,PNB-ATM-01
PNB,17.677010,83.230930,PNB-ATM-02
PNB,17.677010,83.231875,PNB-ATM-03
PNB,17.677010,83.232821,PNB-ATM-04
PNB,17.677010,83.233766,PNB-ATM-05
PNB,17.677010,83.234712,PNB-ATM-06
PNB,17.677010,83.235657,PNB-ATM-07
PNB,17.677010,83.236603,PNB-ATM-08
PNB,17.677010,83.237548,PNB-ATM-09
PNB,17.677010,83.238494,PNB-ATM-10
PNB,17.677010,83.239439,PNB-ATM-11
PNB,17.677010,83.240385,PNB-ATM-12
PNB,17.677010,83.241330,PNB-ATM-13
PNB,17.677010,83.242276,PNB-ATM-14
PNB,17.677010,83.243221,PNB-ATM-15
PNB,17.677010,83.244167,PNB-ATM-16
PNB,17.677010,83.245112,PNB-ATM-17
PNB,17.677010,83.246058,PNB-ATM-18
PNB,17.677010,83.247003,PNB-ATM-19
PNB,17.677010,83.247949,PNB-ATM-20
PNB,17.677010,83.248894,PNB-ATM-21
PNB,17.677010,83.249840,PNB-ATM-22
PNB,17.677010,83.250785,PNB-ATM-23
PNB,17.677010,83.251731,PNB-ATM-24
PNB,17.677010,83.252676,PNB-ATM-25
PNB,17.677010,83.253622,PNB-ATM-26
PNB,17.677010,83.254567,PNB-ATM-27
PNB,17.677010,83.255513,PNB-ATM-28
PNB,17.677010,83.256458,PNB-ATM-29
PNB,17.677010,83.257404,PNB-ATM-30
PNB,17.677010,83.258349,PNB-ATM-31
PNB,17.677010,83.259295,PNB-ATM-32
PNB,17.677010,83.260240,PNB-ATM-33
PNB,17.677010,83.261186,PNB-ATM-34
PNB,17.677010,83.262131,PNB-ATM-35
PNB,17.677010,83.263077,PNB-ATM-36
PNB,17.677010,83.264022,PNB-ATM-37
PNB,17.677010,83.264968,PNB-ATM-38
PNB,17.677010,83.265913,PNB-ATM-39
PNB,17.677010,83.266859,PNB-ATM-40
PNB,17.677010,83.267804,PNB-ATM-41
PNB,17.677010,83.268750,PNB-ATM-42
PNB,17.677010,83.269695,PNB-ATM-43
PNB,17.677010,83.270641,PNB-ATM-44
PNB,17.677010,83.271586,PNB-ATM-45
PNB,17.677010,83.272532,PNB-ATM-46
PNB,17.677010,83.273477,PNB-ATM-47
PNB,17.677010,83.274423,PNB-ATM-48
PNB,17.677010,83.275368,PNB-ATM-49
PNB,17.677010,83.276314,PNB-ATM-50
